{
    "flying_wing": {
        "alpha": 10.356953671881056,
        "elevator": -45.700792516173664
    }
}