{
    "flying_wing": {
        "alpha": 10.122096405900308,
        "elevator": -46.9002143058112
    }
}