{
    "flying_wing": {
        "alpha": 10.128430752872271,
        "elevator": -47.6614023140155
    }
}